rank_position,rank_grade,site_id,site_score,expected_daily_energy,peak_PV_P50,mean_uncertainty_width,cloud_risk,forecast_volatility,data_quality,normalized_energy,confidence_score,data_quality_score,normalized_cloud_risk,normalized_volatility,ranking_horizon_minutes
1,C,munich_centre,0.4345375905797102,3.028905160795265,0.7206750382737994,0.15136543990847007,0.6546240942028985,0.04032097504510581,1.0,1.0,0.0,1.0,0.6546240942028985,1.0,60
2,C,munich_south,0.3658932453898988,2.8295784888783873,0.7312685523562639,0.13322208053510418,0.0,0.036103371375577516,1.0,0.07035356084952289,0.9216472170254054,1.0,0.0,0.0009530039746758925,60
3,C,munich_west,0.36096507622022644,2.825355058021089,0.7317475118771063,0.1327136661283232,0.0,0.03615527415518402,1.0,0.05065575814340535,0.9474736758119288,1.0,0.0,0.01324750106691726,60
4,C,munich_north,0.35135534035839316,2.8154249510287825,0.7313478283470842,0.13167964361005216,0.0,0.03612462460092305,1.0,0.004342394673259653,1.0,1.0,0.0,0.00598737244573674,60
5,D,munich_east,0.34766064106197403,2.814493892680233,0.7308927507104384,0.13190990432766647,0.0,0.03609934814836532,1.0,0.0,0.9883032053098703,1.0,0.0,0.0,60
