horizon_minutes,picp,mpiw,normalized_mpiw,pinball_loss_p10,pinball_loss_p50,pinball_loss_p90,interval_score,samples
60,0.8927989130434782,135.00125866123233,0.1503991206314836,12.050347884490265,5.8069402376042625,3.9337680616239807,159.84115946114247,22080
180,0.9021748980516539,151.35661186060312,0.16861991918696456,12.05580794243521,10.396320736713424,5.578426738596415,176.34234681031623,22070
360,0.902697800952165,163.58341062685528,0.18224127206039892,12.063870745388575,15.306488512986638,6.805473739786119,188.69344485174696,22055
720,0.9022928490351872,171.3734087853656,0.19091977538977029,12.021598605654715,18.226890406465202,7.540024962983454,195.61623568638166,22025
1440,0.8961984976098338,164.37034168781747,0.18311795825384625,11.9418423431309,17.422214769128466,7.340122859246344,192.81965202377245,21965
