rank_position,rank_grade,site_id,site_score,expected_daily_energy,peak_PV_P50,mean_uncertainty_width,cloud_risk,forecast_volatility,data_quality,normalized_energy,confidence_score,data_quality_score,normalized_cloud_risk,normalized_volatility,ranking_horizon_minutes
1,C,munich_centre,0.466,0.10220096161999591,0.10220096161999591,0.28365328634763504,0.84,0.0,0.6666666666666666,1.0,0.0,0.6666666666666666,0.84,0.0,60
2,D,munich_north,0.21661646333093876,0.08027794846133172,0.08027794846133174,0.2153741703868818,0.84,0.0,0.6666666666666666,0.003043180315791653,0.9962351609441625,0.6666666666666666,0.84,0.0,60
3,D,munich_east,0.21655788777317486,0.08027331248510798,0.08027331248510798,0.2153617327305607,0.84,0.0,0.6666666666666666,0.00283235764836428,0.9964166341570547,0.6666666666666666,0.84,0.0,60
4,D,munich_south,0.21602086792876907,0.08021268035553479,0.08021268035553479,0.21512056743789418,0.84,0.0,0.6666666666666666,7.508999393698309e-05,0.9999353871574871,0.6666666666666666,0.84,0.0,60
5,D,munich_west,0.21599999999999997,0.08021102913163757,0.08021102913163757,0.21511613905799007,0.84,0.0,0.6666666666666666,0.0,1.0,0.6666666666666666,0.84,0.0,60
